trtexec_rank,python_rank,layer,python_mean_ms,trtexec_mean_ms,trtexec_between_run_SD_ms,mean_change_pct,layer_share_pct,cumulative_share_pct
1,1,/model.22/cv2.0/cv2.0.0/conv/Conv || /model.22/cv3.0/cv3.0.0/conv/Conv,0.07272448107600211,0.07967763333333333,0.017427460056569727,9.560951352907821,2.1740471598105615,2.1740471598105615
2,2,/model.7/conv/Conv,0.06173887953162193,0.06705733333333334,0.015956827335449026,8.614432011172735,1.8296954738590812,4.003742633669643
4,3,/model.22/cv2.0/cv2.0.1/conv/Conv,0.05916960049420595,0.0625596,0.011698570125874358,5.729292537856523,1.7069723962544674,7.5098188671422825
3,4,/model.22/cv2.1/cv2.1.0/conv/Conv || /model.22/cv3.1/cv3.1.0/conv/Conv,0.058923199474811554,0.06593616666666667,0.016699896599180888,11.901877790687543,1.7991038372181718,5.802846470887815
5,5,/model.1/conv/Conv,0.05828800052404404,0.062004933333333324,0.009483450802494487,6.376840474663448,1.6918380173722092,9.201656884514492
9,6,__myl_MoveNegExpAddDivMul_myl5_0,0.05632000043988228,0.05529763333333334,1.527525231658017e-07,-1.8152824903477138,1.5088257226421031,15.602407730155415
6,7,/model.22/cv2.2/cv2.2.0/conv/Conv || /model.22/cv3.2/cv3.2.0/conv/Conv,0.05578239984810352,0.06123833333333334,0.013307762126042582,9.780743568018636,1.670920923289628,10.87257780780412
7,8,/model.22/cv3.0/cv3.0.1/conv/Conv,0.05552447963505983,0.060414466666666666,0.01127329948698842,8.806902943974904,1.6484412773488901,12.52101908515301
8,9,/model.19/conv/Conv,0.05300928059965372,0.057633566666666664,0.011174475649592393,8.723540509703032,1.5725629223603024,14.093582007513312
11,10,/model.0/conv/Conv,0.05288735926151276,0.0541511,0.0014110823540814318,2.389494873885467,1.4775419428323595,18.565677277475203
