Time (%),Total Time (ns),Instances,Avg (ns),Med (ns),Min (ns),Max (ns),StdDev (ns),Name
8.6,20865116,1100,18968.3,19392.0,15264,28897,2926.0,sm80_xmma_fprop_implicit_gemm_indexed_wo_smem_f32f32_tf32f32_f32_nhwckrsc_nhwc_tilesize128x16x64_stage1_warpsize4x1x1_g1_tensor16x8x8_execute_kernel_trt
7.0,16969687,500,33939.4,31137.0,24256,57345,10197.3,trt_ampere_scudnn_winograd_128x128_ldg1_ldg4_relu_tile148t_nt_v1
6.6,16069678,800,20087.1,17409.0,14113,34017,5660.6,sm80_xmma_fprop_implicit_gemm_indexed_wo_smem_f32f32_tf32f32_f32_nhwckrsc_nhwc_tilesize128x32x64_stage1_warpsize4x1x1_g1_tensor16x8x8_alignc8_execute_kernel_trt
5.3,12941383,1900,6811.3,4992.0,2432,17792,4095.1,"void genericReformat::copyPackedKernel<float, float, (bool)0, (bool)1, genericReformat::ArrayN<(int)4>, (int)4>(unsigned int, unsigned int, const void *, genericReformat::ArrayN<T6>, genericReformat::ArrayNWithReducedDivisors<T6>, genericReformat::ArrayN<T6>, int, int, int, const float *, void *, genericReformat::ArrayN<T6>, genericReformat::ArrayNWithReducedDivisors<T6>, genericReformat::ArrayNWithReducedDivisors<T6>, genericReformat::ArrayN<T6>, int, int, int, const float *, T5)"
4.6,11245869,200,56229.3,60256.5,47137,61025,5630.3,sm80_xmma_fprop_implicit_gemm_f32f32_tf32f32_f32_nhwckrsc_nhwc_tilesize128x128x16_stage4_warpsize2x2x1_g1_tensor16x8x8_t1r3s3_execute_kernel_trt
4.5,10965261,200,54826.3,55921.0,44513,399429,24957.6,sm80_xmma_fprop_wngd_f32f32_f32_f32_nchwkcrs_nchw_tilesize8x16x64x8_warpsize8x1x1_wngd2x2_execute_kernel_trt
3.6,8669368,300,28897.9,29904.0,24704,33152,2732.0,sm80_xmma_fprop_implicit_gemm_indexed_wo_smem_f32f32_tf32f32_f32_nhwckrsc_nhwc_tilesize128x32x16_stage1_warpsize4x1x1_g1_tensor16x8x8_execute_kernel_trt
3.3,7950534,300,26501.8,26448.5,25376,27713,473.9,__myl_MoveNegExpAddDivMul_0xeaba8c4bb1258aafd062b0843f98168e
3.1,7628227,100,76282.3,79313.0,68609,80321,4309.2,sm70_xmma_fprop_implicit_gemm_f32f32_f32f32_f32_nhwckrsc_nhwc_tilesize32x32x8_stage1_warpsize1x2x1_g1_ffma_t1r3s3_aligna4_alignc4_execute_kernel_trt
2.9,7049755,100,70497.6,74785.0,61089,76225,5918.3,sm80_xmma_fprop_implicit_gemm_f32f32_tf32f32_f32_nhwckrsc_nchw_tilesize128x128x16_stage4_warpsize2x2x1_g1_tensor16x8x8_t1r3s3_alignc4_execute_kernel_trt
2.6,6224213,500,12448.4,11936.0,6752,17408,2986.2,sm86_xmma_gemm_f32f32_tf32f32_f32_tn_n_tilesize128x64x32_stage4_warpsize2x2x1_tensor16x8x8_execute_kernel_trt
2.3,5503075,100,55030.8,56912.5,49313,59393,3137.9,sm80_xmma_fprop_implicit_gemm_indexed_wo_smem_f32f32_tf32f32_f32_nhwckrsc_nhwc_tilesize128x16x64_stage1_warpsize4x1x1_g1_tensor16x8x8_alignc4_execute_kernel_trt
2.2,5298662,100,52986.6,52976.5,52257,54240,353.1,__myl_MoveNegExpAddDivMul_0x80291acf44241e68db9d568131514d15
2.1,5120577,500,10241.2,8048.0,2368,27873,8715.8,"void cuInt8::nchwToNhwcKernel<float>(int, int, int, int, int, int, int, int, bool, const T1 *, T1 *)"
2.0,4826276,100,48262.8,48225.0,47169,49440,509.2,sm80_xmma_fprop_implicit_gemm_indexed_wo_smem_f32f32_tf32f32_f32_nhwckrsc_nhwc_tilesize128x16x32_stage1_warpsize4x1x1_g1_tensor16x8x8_aligna4_alignc4_execute_kernel_trt
1.7,4191356,200,20956.8,19616.0,14496,28001,5282.4,sm80_xmma_fprop_implicit_gemm_f32f32_tf32f32_f32_nchwkrsc_nchw_tilesize128x64x16_stage2_warpsize2x2x1_g1_tensor16x8x8_simple_t1r1s1_aligna4_alignc4_execute_kernel_trt
1.7,4072336,100,40723.4,41473.0,38848,42144,1158.2,"void CUTENSOR_NAMESPACE::permutationKernelPLC3<CUTENSOR_NAMESPACE::VectorWrite2DTensorView<(unsigned char)0, (unsigned char)1, (bool)0, (unsigned int)4, float, float, CUTENSOR_NAMESPACE::GeneralUnarySmall<float>>, CUTENSOR_NAMESPACE::VectorRead2DTensorView<(unsigned char)1, (unsigned char)0, (bool)0, (unsigned int)4, float, float, CUTENSOR_NAMESPACE::GeneralUnarySmall<float>>, CUTENSOR_NAMESPACE::ThreadLevelElementwise<CUTENSOR_NAMESPACE::ElementwiseConfig2DSmallMode0<CUTENSOR_NAMESPACE::GeneralUnarySmall<float>, CUTENSOR_NAMESPACE::GeneralBinary<float>, (int)2, (int)4, (int)64, (int)64, (signed char)4, (bool)0, (bool)1, (bool)1, (bool)1, (bool)0>, float>, CUTENSOR_NAMESPACE::ElementwiseRuntimePLC3<float, float, float, float>::Params>(T4)"
1.7,4058770,142,28582.9,39888.5,1088,40961,17734.1,"void at::native::vectorized_elementwise_kernel<(int)4, at::native::BUnaryFunctor<float, float, float, at::native::binary_internal::MulFunctor<float>>, std::array<char *, (unsigned long long)2>, (bool)0>(int, T2, T3)"
1.3,3262609,200,16313.0,17184.5,13984,17632,1318.7,sm50_xmma_conv_fprop_fused_conv_act_fp32_NCHW_fp32_NCHW_KCRS_fp32_fp32_fp32_Accfloat_1_1_cC1_dC1_srcVec1_fltVec2_2_TP3_TQ7_C8_R3_S3_U1_V1_execute_kernel_trt
1.2,2970117,100,29701.2,30544.0,27264,31777,1438.6,sm80_xmma_gemm_f32f32_tf32f32_f32_tn_n_tilesize64x128x16_stage4_warpsize2x2x1_tensor16x8x8_execute_kernel_trt
1.2,2833446,400,7083.6,7264.0,4992,8352,625.1,__myl_MoveNegExpAddDivMul_0x3374c38a810d0deb73233e4cfd7e6b57
1.1,2779494,400,6948.7,3840.0,1408,19168,6667.7,"void genericReformat::copyPackedKernel<float, float, (bool)1, (bool)1, genericReformat::ArrayN<(int)4>, (int)4>(unsigned int, unsigned int, const void *, genericReformat::ArrayN<T6>, genericReformat::ArrayNWithReducedDivisors<T6>, genericReformat::ArrayN<T6>, int, int, int, const float *, void *, genericReformat::ArrayN<T6>, genericReformat::ArrayNWithReducedDivisors<T6>, genericReformat::ArrayNWithReducedDivisors<T6>, genericReformat::ArrayN<T6>, int, int, int, const float *, T5)"
1.1,2758622,500,5517.2,5024.0,3840,8800,1368.7,__myl_MoveNegExpAddDivMul_0x12ac61173cd6850e36a27f17f05e7755
1.1,2753410,200,13767.0,13584.5,11744,16640,1087.8,__myl_MoveNegExpAddDivMul_0x7be0ca5a4c5ac2266d87453bded6e150
1.1,2720300,198,13738.9,23025.0,1568,27136,11759.4,"void at::native::unrolled_elementwise_kernel<at::native::direct_copy_kernel_cuda(at::TensorIteratorBase &)::[lambda() (instance 3)]::operator ()() const::[lambda() (instance 7)]::operator ()() const::[lambda(float) (instance 1)], std::array<char *, (unsigned long long)2>, (int)4, TrivialOffsetCalculator<(int)1, unsigned int>, TrivialOffsetCalculator<(int)1, unsigned int>, at::native::memory::LoadWithCast<(int)1>, at::native::memory::StoreWithCast<(int)1>>(int, T1, T2, T4, T5, T6, T7)"
1.1,2661894,200,13309.5,12352.0,7200,19745,5056.3,sm80_xmma_fprop_implicit_gemm_f32f32_tf32f32_f32_nhwckrsc_nchw_tilesize128x128x16_stage4_warpsize2x2x1_g1_tensor16x8x8_execute_kernel_trt
1.1,2555430,200,12777.1,12048.0,7840,18048,3831.4,sm80_xmma_fprop_implicit_gemm_indexed_f32f32_tf32f32_f32_nhwckrsc_nchw_tilesize128x128x16_stage4_warpsize2x2x1_g1_tensor16x8x8_execute_kernel_trt
1.0,2527937,200,12639.7,12480.5,11232,14848,982.8,__myl_MoveNegExpAddDivMul_0x168b88d4467fb9b5f6b01e503809b51a
1.0,2509954,200,12549.8,12800.0,9600,14528,1282.8,sm86_xmma_gemm_f32f32_tf32f32_f32_tn_n_tilesize128x64x64_stage2_warpsize2x2x1_tensor16x8x8_execute_kernel_trt
1.0,2416889,200,12084.4,11664.0,6368,17632,4603.0,ResizeNearest2DKernel
0.9,2151102,100,21511.0,22592.0,19168,22913,1494.4,"void at::native::index_elementwise_kernel<(int)128, (int)4, void at::native::flip_kernel_impl<at::native::OpaqueType<(int)1>>(at::TensorIterator &)::[lambda(int) (instance 1)]>(long long, T3)"
0.9,2116123,100,21161.2,22272.5,18081,23233,1795.6,sm80_xmma_fprop_implicit_gemm_indexed_wo_smem_f32f32_tf32f32_f32_nhwckrsc_nhwc_tilesize128x16x32_stage1_warpsize4x1x1_g1_tensor16x8x8_alignc8_execute_kernel_trt
0.9,2101470,100,21014.7,20992.0,19617,22208,579.9,sm50_xmma_softmax_trt_NCHW_FP32_Dim2_Threads256_execute2_kernel_trt
0.8,2052568,100,20525.7,20416.0,18305,24289,1210.4,sm86_xmma_gemm_f32f32_tf32f32_f32_tn_n_tilesize256x64x32_stage2_warpsize4x1x1_tensor16x8x8_execute_kernel_trt
0.8,2024316,100,20243.2,20256.0,19809,20705,185.2,__myl_MoveNegExpAddDivMulAdd_0x7266de692122ad178663bfa20efe4c90
0.7,1758493,600,2930.8,3040.0,2336,3456,298.7,__myl_MoveNegExpAddDivMul_0x120bd22e6697a2389e1072401b3bb74f
0.7,1695159,200,8475.8,9088.0,7041,9728,879.9,sm50_xmma_pooling_fw_4d_FP32FP32NHWC_Max_CAlign4_execute_kernel_trt
0.6,1562835,100,15628.4,16736.0,13248,17056,1539.4,sm70_xmma_fprop_implicit_gemm_f32f32_f32f32_f32_nchwkcrs_nchw_tilesize128x16x8_stage1_warpsize4x1x1_g1_ffma_aligna4_alignc4_execute_kernel_trt
0.6,1549339,100,15493.4,16304.0,13472,16641,1185.2,sm86_xmma_gemm_f32f32_tf32f32_f32_nn_n_tilesize128x64x32_stage4_warpsize2x2x1_tensor16x8x8_execute_kernel_trt
0.6,1544757,300,5149.2,2432.0,1216,12480,4671.8,"void genericReformat::copyVectorizedKernel<double, float, float, (bool)1, (bool)0, (int)4>(unsigned int, const void *, genericReformat::ArrayN<T6>, genericReformat::ArrayNWithReducedDivisors<T6>, genericReformat::ArrayN<T6>, int, const float *, void *, genericReformat::ArrayN<T6>, genericReformat::ArrayNWithReducedDivisors<T6>, genericReformat::ArrayN<T6>, int, const float *)"
0.6,1517936,100,15179.4,16032.0,13088,16480,1244.8,sm86_xmma_gemm_f32f32_tf32f32_f32_tn_n_tilesize128x128x16_stage3_warpsize2x2x1_tensor16x8x8_execute_kernel_trt
0.6,1509102,300,5030.3,4992.0,3904,5920,525.2,__myl_MoveNegExpAddDivMul_0xc1306d3ea4a60675f53bdf91bd323d54
0.6,1463029,100,14630.3,15712.0,12224,16192,1507.6,"void at::native::elementwise_kernel<(int)128, (int)4, void at::native::gpu_kernel_impl_nocast<at::native::direct_copy_kernel_cuda(at::TensorIteratorBase &)::[lambda() (instance 3)]::operator ()() const::[lambda() (instance 1)]::operator ()() const::[lambda(unsigned char) (instance 1)]>(at::TensorIteratorBase &, const T1 &)::[lambda(int) (instance 1)]>(int, T3)"
0.5,1334991,100,13349.9,13472.0,12320,14081,472.6,sm80_xmma_fprop_implicit_gemm_f32f32_tf32f32_f32_nchwkrsc_nchw_tilesize128x32x16_stage2_warpsize2x2x1_g1_tensor16x8x8_simple_t1r1s1_aligna4_alignc4_execute_kernel_trt
0.5,1221104,100,12211.0,12144.5,10496,13760,620.0,sm80_xmma_fprop_implicit_gemm_indexed_wo_smem_f32f32_tf32f32_f32_nhwckrsc_nhwc_tilesize128x32x16_stage1_warpsize4x1x1_g1_tensor16x8x8_alignc8_execute_kernel_trt
0.5,1182988,300,3943.3,3232.0,2592,5984,1209.5,__myl_MoveNegExpAddDivMul_0x0fe17f4a927a18a4da143073891c48b8
0.5,1140306,400,2850.8,3040.0,2336,3168,295.3,__myl_MoveNegExpAddDivMul_0x2bf9c8ed7f44b80468594229bec2b6fd
0.5,1111118,100,11111.2,11856.0,8865,12288,1176.4,sm50_xmma_pooling_max_nhwc_FP32FP32_WINDOWSIZE_0_PROPAGATE_NAN_2D_execute_kernel_trt
0.4,996456,294,3389.3,3200.0,2240,5216,807.6,"void at::native::index_elementwise_kernel<(int)128, (int)4, void at::native::gpu_index_kernel<void at::native::index_kernel_impl<at::native::OpaqueType<(int)4>>(at::TensorIteratorBase &, c10::ArrayRef<long long>, c10::ArrayRef<long long>)::[lambda(char *, const char *, long long) (instance 1)]>(at::TensorIteratorBase &, c10::ArrayRef<long long>, c10::ArrayRef<long long>, const T1 &, bool)::[lambda(int) (instance 1)]>(long long, T3)"
0.4,993836,100,9938.4,10576.5,8192,11169,1009.2,sm86_xmma_gemm_f32f32_tf32f32_f32_nn_n_tilesize32x32x64_stage6_warpsize2x2x1_tensor16x8x8_execute_kernel_trt
0.3,801866,100,8018.7,7984.0,7328,8800,364.8,__myl_MoveNegExpAddDivMul_0x94a4a7fde43404da8e0d8e29b6de2e3a
0.3,777158,100,7771.6,8032.0,6944,8352,476.6,"void at::native::reduce_kernel<(int)128, (int)4, at::native::ReduceOp<float, at::native::func_wrapper_t<float, at::native::MaxNanFunctor<float>>, unsigned int, float, (int)4, (int)4>>(T3)"
0.3,771211,490,1573.9,1600.0,1216,2176,201.4,"void at::native::elementwise_kernel<(int)128, (int)2, void at::native::gpu_kernel_impl_nocast<at::native::direct_copy_kernel_cuda(at::TensorIteratorBase &)::[lambda() (instance 3)]::operator ()() const::[lambda() (instance 7)]::operator ()() const::[lambda(float) (instance 1)]>(at::TensorIteratorBase &, const T1 &)::[lambda(int) (instance 1)]>(int, T3)"
0.3,756420,100,7564.2,7584.0,7200,8032,177.3,__myl_MoveNegExpAddDivMulAdd_0xd7a6c7bb11442ffcb33975b235542d2d
0.3,727147,100,7271.5,7312.0,6304,7744,295.6,__myl_MoveNegExpAddDivMul_0x3b197ecff188ede1c2bb436e9f227da3
0.3,695624,296,2350.1,2208.0,1568,3488,551.9,"void at_cuda_detail::cub::detail::select::DeviceSelectSweepKernel<at_cuda_detail::cub::detail::select::policy_hub<long long, bool, int, (bool)0, (at_cuda_detail::cub::SelectImpl)0>::Policy1000, thrust::THRUST_300001_SM_750_800_860_900_1000_1200_NS::counting_iterator<long long, thrust::THRUST_300001_SM_750_800_860_900_1000_1200_NS::use_default, thrust::THRUST_300001_SM_750_800_860_900_1000_1200_NS::use_default, thrust::THRUST_300001_SM_750_800_860_900_1000_1200_NS::use_default>, thrust::THRUST_300001_SM_750_800_860_900_1000_1200_NS::transform_iterator<at::native::<unnamed>::NonZeroOp<bool>, const bool *, thrust::THRUST_300001_SM_750_800_860_900_1000_1200_NS::use_default, thrust::THRUST_300001_SM_750_800_860_900_1000_1200_NS::use_default>, long long *, int *, at_cuda_detail::cub::ScanTileState<int, (bool)1>, at_cuda_detail::cub::NullType, at_cuda_detail::cub::NullType, int, at_cuda_detail::cub::detail::select::streaming_context_t<long long, (bool)1>, (at_cuda_detail::cub::SelectImpl)0>(T2, T3, T4, T5, T6, T7, T8, T9, int, T10, at_cuda_detail::cub::detail::vsmem_t)"
0.3,670310,100,6703.1,6720.0,6336,7008,159.5,__myl_NegExpAddDiv_0xb8c0c495143989dd7ee12fde0f77c32b
0.2,574600,200,2873.0,3072.0,2400,3137,293.8,__myl_MoveNegExpAddDivMul_0x7262496b9fdbbecbe3a4e1faa092d3a5
0.2,554407,100,5544.1,5888.0,4800,6048,481.6,sm80_xmma_fprop_implicit_gemm_f32f32_f32f32_f32_nchwkcrs_nchw_tilesize32x32x8_stage3_warpsize1x2x1_g1_ffma_simple_t1r1s1_aligna4_alignc4_execute_kernel_trt
0.2,551911,98,5631.7,3488.0,1888,16672,4161.7,"void vision::ops::<unnamed>::nms_kernel_impl<float>(int, double, const T1 *, unsigned long long *)"
0.2,543845,98,5549.4,5440.5,4128,8033,918.9,"void at::native::warpMergeSortKVInPlace<(int)-2, (int)-1, (int)128, (int)16, float, long long, at::native::GTOp<float, (bool)1>, unsigned int, (int)32>(at::cuda::detail::TensorInfo<T5, T8>, T8, T8, T8, at::cuda::detail::TensorInfo<T6, T8>, T8, T7, T5)"
0.2,532836,100,5328.4,5600.0,4544,6144,451.6,__myl_MoveNegExpAddDivMul_0x017b7ed1c8fade02f8d7cf2d5b6beb90
0.2,529958,200,2649.8,2848.0,2208,2944,273.3,__myl_MoveNegExpAddDivMul_0x93340d4af5f41f49b0de2b9f8876a957
0.2,498119,100,4981.2,5248.0,4288,5440,413.1,sm50_xmma_conv_fprop_fused_conv_act_fp32_NCHW_fp32_NCHW_KCRS_fp32_fp32_fp32_Accfloat_1_1_cC1_dC1_srcVec4_fltVec1_1_TP5_TQ5_C4_R1_S1_U1_V1_execute_kernel_trt
0.2,486695,322,1511.5,1568.0,1216,2048,183.7,"void at::native::elementwise_kernel<(int)128, (int)2, void at::native::gpu_kernel_impl_nocast<at::native::BUnaryFunctor<float, float, float, at::native::binary_internal::MulFunctor<float>>>(at::TensorIteratorBase &, const T1 &)::[lambda(int) (instance 1)]>(int, T3)"
0.2,485256,100,4852.6,5184.0,4128,5281,466.2,__myl_MoveNegExpAddDivMulAdd_0xaf6da203c47d7c100065a53930c10a0a
0.2,470855,100,4708.6,5056.0,3936,5120,479.0,__myl_MoveNegExpAddDivMul_0xeaf9699205e4b2ec7330a9a461055522
0.2,470631,294,1600.8,1664.0,1280,2240,192.4,"void at::native::elementwise_kernel<(int)128, (int)2, void at::native::gpu_kernel_impl_nocast<at::native::CUDAFunctor_add<float>>(at::TensorIteratorBase &, const T1 &)::[lambda(int) (instance 1)]>(int, T3)"
0.2,430661,100,4306.6,4608.0,3584,4704,415.8,__myl_MoveNegExpAddDivMul_0xff81c6ea12806a01927267cc7e96fe37
0.2,425322,98,4340.0,4608.0,3584,4960,413.3,"void at::native::reduce_kernel<(int)512, (int)1, at::native::ReduceOp<float, at::native::MaxOps<float>, unsigned int, float, (int)4, (int)4>>(T3)"
0.2,424167,200,2120.8,2048.0,1600,2656,301.9,"void cuInt8::nhwcToNchwKernel<float>(int, int, int, int, int, int, int, int, const T1 *, T1 *)"
0.2,384229,200,1921.1,2048.0,1600,2112,192.7,__myl_MoveNegExpAddDivMul_0x9ad25b4b1986de1ba49555715b860eb7
0.1,364423,224,1626.9,1680.5,1312,2080,224.0,"void at::native::elementwise_kernel<(int)128, (int)2, void at::native::gpu_kernel_impl_nocast<at::native::<unnamed>::launch_clamp_scalar(at::TensorIteratorBase &, c10::Scalar, c10::Scalar, at::native::detail::ClampLimits)::[lambda() (instance 1)]::operator ()() const::[lambda() (instance 7)]::operator ()() const::[lambda(float) (instance 1)]>(at::TensorIteratorBase &, const T1 &)::[lambda(int) (instance 1)]>(int, T3)"
0.1,327108,224,1460.3,1568.0,1216,1665,152.4,"void at::native::elementwise_kernel<(int)128, (int)2, void at::native::gpu_kernel_impl_nocast<at::native::CUDAFunctorOnSelf_add<float>>(at::TensorIteratorBase &, const T1 &)::[lambda(int) (instance 1)]>(int, T3)"
0.1,321732,100,3217.3,3264.0,2688,3616,194.1,__myl_MoveNegExpAddDivMulAdd_0x83a42c3fb03fd768ba0700f302cef051
0.1,314469,196,1604.4,1696.0,1312,1920,168.8,"void at_cuda_detail::cub::detail::reduce::DeviceReduceSingleTileKernel<at_cuda_detail::cub::detail::reduce::policy_hub<int, unsigned long long, cuda::std::__4::plus<void>>::Policy1000, thrust::THRUST_300001_SM_750_800_860_900_1000_1200_NS::transform_iterator<at::native::<unnamed>::NonZeroOp<bool>, const bool *, thrust::THRUST_300001_SM_750_800_860_900_1000_1200_NS::use_default, thrust::THRUST_300001_SM_750_800_860_900_1000_1200_NS::use_default>, int *, unsigned long long, cuda::std::__4::plus<void>, int, int, cuda::std::__4::__identity>(T2, T3, T4, T5, T6, T8)"
0.1,313955,296,1060.7,1120.0,864,1184,110.5,"void at_cuda_detail::cub::detail::scan::DeviceCompactInitKernel<at_cuda_detail::cub::ScanTileState<int, (bool)1>, int *>(T1, int, T2)"
0.1,296487,198,1497.4,1568.0,1216,1697,162.4,"void at::native::vectorized_elementwise_kernel<(int)4, void at::native::compare_scalar_kernel<float>(at::TensorIteratorBase &, at::native::<unnamed>::OpType, T1)::[lambda(float) (instance 1)], std::array<char *, (unsigned long long)2>, (bool)0>(int, T2, T3)"
0.1,295143,100,2951.4,3168.0,2496,3233,307.1,__myl_MoveNegExpAddDivMulAdd_0x5128bd2f86fe0fe0a5337a8ed438e529
0.1,291586,98,2975.4,2352.0,1792,7840,1261.4,"vision::ops::<unnamed>::gather_keep_from_mask(bool *, const unsigned long long *, int)"
0.1,290468,98,2964.0,3136.0,2464,3392,287.8,"void at::native::index_elementwise_kernel<(int)128, (int)4, void at::native::gpu_index_kernel<void at::native::index_kernel_impl<at::native::OpaqueType<(int)8>>(at::TensorIteratorBase &, c10::ArrayRef<long long>, c10::ArrayRef<long long>)::[lambda(char *, const char *, long long) (instance 1)]>(at::TensorIteratorBase &, c10::ArrayRef<long long>, c10::ArrayRef<long long>, const T1 &, bool)::[lambda(int) (instance 1)]>(long long, T3)"
0.1,287238,53,5419.6,5600.0,3424,7553,808.6,"void at::native::<unnamed>::indexSelectSmallIndex<float, long long, unsigned int, (int)2, (int)2, (int)-2>(at::cuda::detail::TensorInfo<T1, T3>, at::cuda::detail::TensorInfo<const T1, T3>, at::cuda::detail::TensorInfo<const T2, T3>, int, int, T3, long long)"
0.1,281921,200,1409.6,1504.0,1152,1537,147.2,__myl_MoveNegExpAddDivMul_0x1d4002a609e96bccefb7f1ab72e376eb
0.1,279745,200,1398.7,1504.0,1152,1536,142.1,__myl_MoveNegExpAddDivMul_0x2a58b789e56ca3ff4b7e8047bf3bb186
0.1,272866,200,1364.3,1408.0,1088,2496,167.2,"void genericReformat::copyVectorizedKernel<double, float, float, (bool)1, (bool)0, (int)3>(unsigned int, const void *, genericReformat::ArrayN<T6>, genericReformat::ArrayNWithReducedDivisors<T6>, genericReformat::ArrayN<T6>, int, const float *, void *, genericReformat::ArrayN<T6>, genericReformat::ArrayNWithReducedDivisors<T6>, genericReformat::ArrayN<T6>, int, const float *)"
0.1,257124,98,2623.7,2656.0,2080,3040,278.6,"void at::native::<unnamed>::CatArrayBatchedCopy<at::native::<unnamed>::OpaqueType<(unsigned int)4>, unsigned int, (int)2, (int)64, (int)64>(T1 *, at::native::<unnamed>::CatArrInputTensorMetadata<T1, T2, T4, T5>, at::native::<unnamed>::TensorSizeStride<T2, (unsigned int)4>, int, T2)"
0.1,236705,198,1195.5,1152.0,896,1440,173.8,"void <unnamed>::elementwise_kernel_with_index<int, at::native::arange_cuda_out(const c10::Scalar &, const c10::Scalar &, const c10::Scalar &, at::Tensor &)::[lambda() (instance 1)]::operator ()() const::[lambda() (instance 4)]::operator ()() const::[lambda(long long) (instance 1)]>(T1, T2, function_traits<T2>::result_type *)"
0.1,228769,100,2287.7,2336.0,2048,2560,131.0,"void genericReformat::copyVectorizedKernel<double, float, float, (bool)1, (bool)0, (int)2>(unsigned int, const void *, genericReformat::ArrayN<T6>, genericReformat::ArrayNWithReducedDivisors<T6>, genericReformat::ArrayN<T6>, int, const float *, void *, genericReformat::ArrayN<T6>, genericReformat::ArrayNWithReducedDivisors<T6>, genericReformat::ArrayN<T6>, int, const float *)"
0.1,212996,100,2130.0,2192.0,1888,2368,149.1,__myl_MoveNegExpAddDivMul_0xe542b562c66b10d1746f0f15a29400b6
0.1,199170,100,1991.7,2128.5,1632,2208,204.4,__myl_MoveNegExpAddDivMulAdd_0xc22ae9f342e31bb90b46bac52b755fdb
0.1,192385,100,1923.8,2048.0,1600,2112,199.7,__myl_MoveNegExpAddDivMul_0xf4de4e568f293431bccf4955628ba317
0.1,186273,100,1862.7,1968.0,1568,2144,172.1,"void at_cuda_detail::cub::detail::reduce::DeviceReduceKernel<at_cuda_detail::cub::detail::reduce::policy_hub<int, unsigned long long, cuda::std::__4::plus<void>>::Policy1000, thrust::THRUST_300001_SM_750_800_860_900_1000_1200_NS::transform_iterator<at::native::<unnamed>::NonZeroOp<bool>, const bool *, thrust::THRUST_300001_SM_750_800_860_900_1000_1200_NS::use_default, thrust::THRUST_300001_SM_750_800_860_900_1000_1200_NS::use_default>, unsigned long long, cuda::std::__4::plus<void>, int, cuda::std::__4::__identity>(T2, T5 *, T3, at_cuda_detail::cub::GridEvenShare<T3>, T4, T6)"
0.1,178016,100,1780.2,1904.0,1312,2016,200.5,"void at_cuda_detail::cub::detail::reduce::DeviceReduceSingleTileKernel<at_cuda_detail::cub::detail::reduce::policy_hub<int, unsigned long long, cuda::std::__4::plus<void>>::Policy1000, int *, int *, int, cuda::std::__4::plus<void>, int, int, cuda::std::__4::__identity>(T2, T3, T4, T5, T6, T8)"
0.1,167811,100,1678.1,1760.0,1376,1920,152.1,__myl_Mul_0xc146d30fe38d3549b19c4c9ecc2a97c4
0.1,164676,100,1646.8,1696.0,1376,1856,131.0,__myl_Sub_0x731bcc4c19e3324562e1964d63183bf1
0.1,162912,98,1662.4,1696.0,1312,1920,179.3,"void at::native::elementwise_kernel<(int)128, (int)2, void at::native::gpu_kernel_impl_nocast<at::native::AUnaryFunctor<float, float, float, at::native::binary_internal::MulFunctor<float>>>(at::TensorIteratorBase &, const T1 &)::[lambda(int) (instance 1)]>(int, T3)"
0.1,130434,100,1304.3,1408.0,1088,1440,133.4,__myl_Add_0x894d347e753b90a07e59aa869cfab3e9
0.1,129380,100,1293.8,1376.0,1088,1408,124.5,__myl_Sub_0x56179a01ff549012306d1e12faf9e096
0.1,129251,100,1292.5,1376.0,1088,1409,131.3,__myl_AddDiv_0x44aac013034bc62021cf39bc9063a9c0
0.0,116708,98,1190.9,1280.0,992,1312,122.5,"void at::native::vectorized_elementwise_kernel<(int)4, at::native::FillFunctor<bool>, std::array<char *, (unsigned long long)1>, (bool)0>(int, T2, T3)"
0.0,115746,84,1377.9,1472.0,1120,1504,138.4,"void at::native::unrolled_elementwise_kernel<at::native::<unnamed>::launch_clamp_scalar(at::TensorIteratorBase &, c10::Scalar, c10::Scalar, at::native::detail::ClampLimits)::[lambda() (instance 1)]::operator ()() const::[lambda() (instance 7)]::operator ()() const::[lambda(float) (instance 1)], std::array<char *, (unsigned long long)2>, (int)4, TrivialOffsetCalculator<(int)1, unsigned int>, TrivialOffsetCalculator<(int)1, unsigned int>, at::native::memory::LoadWithoutCast, at::native::memory::StoreWithoutCast>(int, T1, T2, T4, T5, T6, T7)"
0.0,100448,84,1195.8,1248.0,960,1312,116.5,"void at::native::unrolled_elementwise_kernel<at::native::CUDAFunctorOnSelf_add<float>, std::array<char *, (unsigned long long)2>, (int)4, TrivialOffsetCalculator<(int)1, unsigned int>, TrivialOffsetCalculator<(int)1, unsigned int>, at::native::memory::LoadWithoutCast, at::native::memory::StoreWithoutCast>(int, T1, T2, T4, T5, T6, T7)"
0.0,100224,84,1193.1,1248.0,960,1312,120.3,"void at::native::unrolled_elementwise_kernel<at::native::BUnaryFunctor<float, float, float, at::native::binary_internal::MulFunctor<float>>, std::array<char *, (unsigned long long)2>, (int)4, TrivialOffsetCalculator<(int)1, unsigned int>, TrivialOffsetCalculator<(int)1, unsigned int>, at::native::memory::LoadWithoutCast, at::native::memory::StoreWithoutCast>(int, T1, T2, T4, T5, T6, T7)"
0.0,67969,42,1618.3,1696.0,1376,1728,146.1,"void at::native::vectorized_elementwise_kernel<(int)4, at::native::<unnamed>::launch_clamp_scalar(at::TensorIteratorBase &, c10::Scalar, c10::Scalar, at::native::detail::ClampLimits)::[lambda() (instance 1)]::operator ()() const::[lambda() (instance 7)]::operator ()() const::[lambda(float) (instance 1)], std::array<char *, (unsigned long long)2>, (bool)0>(int, T2, T3)"
0.0,67809,42,1614.5,1696.0,1344,1760,157.9,"void at::native::vectorized_elementwise_kernel<(int)2, at::native::<unnamed>::launch_clamp_scalar(at::TensorIteratorBase &, c10::Scalar, c10::Scalar, at::native::detail::ClampLimits)::[lambda() (instance 1)]::operator ()() const::[lambda() (instance 7)]::operator ()() const::[lambda(float) (instance 1)], std::array<char *, (unsigned long long)2>, (bool)0>(int, T2, T3)"
0.0,66337,45,1474.2,1568.0,1248,1760,168.2,"void at::native::vectorized_gather_kernel<(int)16, long long>(char *, char *, T2 *, int, long long, long long, long long, long long, bool)"
0.0,55808,42,1328.8,1408.0,1088,1568,137.1,"void at::native::vectorized_elementwise_kernel<(int)4, at::native::CUDAFunctorOnSelf_add<float>, std::array<char *, (unsigned long long)2>, (bool)0>(int, T2, T3)"
0.0,55616,42,1324.2,1408.0,1088,1440,130.3,"void at::native::vectorized_elementwise_kernel<(int)2, at::native::CUDAFunctorOnSelf_add<float>, std::array<char *, (unsigned long long)2>, (bool)0>(int, T2, T3)"
0.0,55169,42,1313.5,1408.0,1056,1408,135.3,"void at::native::vectorized_elementwise_kernel<(int)2, at::native::BUnaryFunctor<float, float, float, at::native::binary_internal::MulFunctor<float>>, std::array<char *, (unsigned long long)2>, (bool)0>(int, T2, T3)"
