Range,Style,Total Proj Time (ns),Total Range Time (ns),Range Instances,Proj Avg (ns),Proj Med (ns),Proj Min (ns),Proj Max (ns),Proj StdDev (ns),Total GPU Ops,Avg GPU Ops,Avg Range Lvl,Avg Num Child
:05_TensorRT_backend_D2D_and_graph,PushPop,231216650,29208575,100,2312166.5,2415823.0,2072443,2760836,158211.4,200,2.0,1.0,0.0
:06_NMS,PushPop,128444307,136497396,100,1284443.1,1167407.0,181315,1907481,402684.6,4034,40.3,1.0,0.0
:07_scale_boxes_and_Results,PushPop,32213181,39398854,98,328705.9,270435.5,170562,554727,138049.1,1176,12.0,1.0,0.0
:04_GPU_layout_cast_normalize,PushPop,14200724,15268105,100,142007.2,129057.5,106497,346853,33469.4,400,4.0,1.0,0.0
:03_H2D_uint8,PushPop,5602282,23301570,100,56022.8,55649.0,54849,68545,2217.9,100,1.0,1.0,0.0
:E2E/voc/image_0007,PushPop,5476774,6353741,1,5476774.0,5476774.0,5476774,5476774,0.0,60,60.0,0.0,5.0
:E2E/voc/image_0029,PushPop,5425318,6488560,1,5425318.0,5425318.0,5425318,5425318,0.0,60,60.0,0.0,5.0
:E2E/voc/image_0047,PushPop,5400837,6341772,1,5400837.0,5400837.0,5400837,5400837,0.0,60,60.0,0.0,5.0
:E2E/voc/image_0017,PushPop,5368709,6417933,1,5368709.0,5368709.0,5368709,5368709,0.0,60,60.0,0.0,5.0
:E2E/voc/image_0061,PushPop,5362661,6256312,1,5362661.0,5362661.0,5362661,5362661,0.0,60,60.0,0.0,5.0
:E2E/voc/image_0052,PushPop,5318885,6230696,1,5318885.0,5318885.0,5318885,5318885,0.0,60,60.0,0.0,5.0
:E2E/voc/image_0014,PushPop,5277860,6483529,1,5277860.0,5277860.0,5277860,5277860,0.0,60,60.0,0.0,5.0
:E2E/voc/image_0049,PushPop,5264035,6178668,1,5264035.0,5264035.0,5264035,5264035,0.0,60,60.0,0.0,5.0
:E2E/voc/image_0019,PushPop,5246595,6208057,1,5246595.0,5246595.0,5246595,5246595,0.0,60,60.0,0.0,5.0
:E2E/voc/image_0012,PushPop,5243395,6133674,1,5243395.0,5243395.0,5243395,5243395,0.0,60,60.0,0.0,5.0
:E2E/voc/image_0018,PushPop,5241700,6178914,1,5241700.0,5241700.0,5241700,5241700,0.0,60,60.0,0.0,5.0
:E2E/voc/image_0009,PushPop,5232067,6176136,1,5232067.0,5232067.0,5232067,5232067,0.0,60,60.0,0.0,5.0
:E2E/voc/image_0023,PushPop,5229860,6105862,1,5229860.0,5229860.0,5229860,5229860,0.0,60,60.0,0.0,5.0
:E2E/voc/image_0008,PushPop,5224515,6113643,1,5224515.0,5224515.0,5224515,5224515,0.0,60,60.0,0.0,5.0
:E2E/voc/image_0013,PushPop,5223300,6136594,1,5223300.0,5223300.0,5223300,5223300,0.0,60,60.0,0.0,5.0
:E2E/voc/image_0020,PushPop,5217443,6107578,1,5217443.0,5217443.0,5217443,5217443,0.0,60,60.0,0.0,5.0
:E2E/voc/image_0021,PushPop,5217283,6085873,1,5217283.0,5217283.0,5217283,5217283,0.0,60,60.0,0.0,5.0
:E2E/voc/image_0053,PushPop,5207619,6061003,1,5207619.0,5207619.0,5207619,5207619,0.0,60,60.0,0.0,5.0
:E2E/voc/image_0022,PushPop,5202659,6270951,1,5202659.0,5202659.0,5202659,5202659,0.0,60,60.0,0.0,5.0
:E2E/voc/image_0015,PushPop,5198563,6097853,1,5198563.0,5198563.0,5198563,5198563,0.0,60,60.0,0.0,5.0
:E2E/voc/image_0048,PushPop,5188067,6072817,1,5188067.0,5188067.0,5188067,5188067,0.0,60,60.0,0.0,5.0
:E2E/voc/image_0016,PushPop,5187747,6156516,1,5187747.0,5187747.0,5187747,5187747,0.0,60,60.0,0.0,5.0
:E2E/voc/image_0006,PushPop,5172323,6087646,1,5172323.0,5172323.0,5172323,5172323,0.0,60,60.0,0.0,5.0
:E2E/voc/image_0051,PushPop,5158179,6038372,1,5158179.0,5158179.0,5158179,5158179,0.0,60,60.0,0.0,5.0
:E2E/voc/image_0050,PushPop,5155203,6053384,1,5155203.0,5155203.0,5155203,5155203,0.0,60,60.0,0.0,5.0
:E2E/voc/image_0088,PushPop,5144450,6220523,1,5144450.0,5144450.0,5144450,5144450,0.0,60,60.0,0.0,5.0
:E2E/voc/image_0067,PushPop,5130402,6041515,1,5130402.0,5130402.0,5130402,5130402,0.0,60,60.0,0.0,5.0
:E2E/voc/image_0062,PushPop,5117250,6029448,1,5117250.0,5117250.0,5117250,5117250,0.0,60,60.0,0.0,5.0
:E2E/voc/image_0063,PushPop,5105762,6023855,1,5105762.0,5105762.0,5105762,5105762,0.0,60,60.0,0.0,5.0
:E2E/voc/image_0072,PushPop,5075106,5957419,1,5075106.0,5075106.0,5075106,5075106,0.0,60,60.0,0.0,5.0
:E2E/voc/image_0043,PushPop,5068961,5964968,1,5068961.0,5068961.0,5068961,5068961,0.0,60,60.0,0.0,5.0
:E2E/voc/image_0064,PushPop,5029217,5921654,1,5029217.0,5029217.0,5029217,5029217,0.0,60,60.0,0.0,5.0
:E2E/voc/image_0071,PushPop,5027809,5913860,1,5027809.0,5027809.0,5027809,5027809,0.0,60,60.0,0.0,5.0
:E2E/voc/image_0089,PushPop,5006561,5985196,1,5006561.0,5006561.0,5006561,5006561,0.0,60,60.0,0.0,5.0
:E2E/voc/image_0069,PushPop,4982721,5989720,1,4982721.0,4982721.0,4982721,4982721,0.0,60,60.0,0.0,5.0
:E2E/voc/image_0066,PushPop,4978208,5885443,1,4978208.0,4978208.0,4978208,4978208,0.0,60,60.0,0.0,5.0
:E2E/voc/image_0065,PushPop,4937184,5722828,1,4937184.0,4937184.0,4937184,4937184,0.0,60,60.0,0.0,5.0
:E2E/voc/image_0070,PushPop,4932031,5790088,1,4932031.0,4932031.0,4932031,4932031,0.0,60,60.0,0.0,5.0
:E2E/voc/image_0068,PushPop,4927423,5827006,1,4927423.0,4927423.0,4927423,4927423,0.0,60,60.0,0.0,5.0
:E2E/voc/image_0054,PushPop,4828894,5643261,1,4828894.0,4828894.0,4828894,4828894,0.0,60,60.0,0.0,5.0
:E2E/voc/image_0092,PushPop,4758333,5941447,1,4758333.0,4758333.0,4758333,4758333,0.0,60,60.0,0.0,5.0
:E2E/voc/image_0090,PushPop,4633116,5558990,1,4633116.0,4633116.0,4633116,4633116,0.0,60,60.0,0.0,5.0
:E2E/voc/image_0010,PushPop,4601948,5496117,1,4601948.0,4601948.0,4601948,4601948,0.0,60,60.0,0.0,5.0
:E2E/voc/image_0000,PushPop,4559483,5676547,1,4559483.0,4559483.0,4559483,4559483,0.0,60,60.0,0.0,5.0
:E2E/voc/image_0038,PushPop,4512282,5516233,1,4512282.0,4512282.0,4512282,4512282,0.0,60,60.0,0.0,5.0
:E2E/voc/image_0036,PushPop,4497594,5466380,1,4497594.0,4497594.0,4497594,4497594,0.0,60,60.0,0.0,5.0
:E2E/voc/image_0024,PushPop,4471897,5386788,1,4471897.0,4471897.0,4471897,4471897,0.0,60,60.0,0.0,5.0
:E2E/voc/image_0040,PushPop,4468858,5368795,1,4468858.0,4468858.0,4468858,4468858,0.0,60,60.0,0.0,5.0
:E2E/voc/image_0035,PushPop,4468826,5607552,1,4468826.0,4468826.0,4468826,4468826,0.0,60,60.0,0.0,5.0
:E2E/voc/image_0011,PushPop,4425305,5333908,1,4425305.0,4425305.0,4425305,4425305,0.0,60,60.0,0.0,5.0
:E2E/voc/image_0039,PushPop,4418489,5373325,1,4418489.0,4418489.0,4418489,4418489,0.0,60,60.0,0.0,5.0
:E2E/voc/image_0037,PushPop,4411416,5358817,1,4411416.0,4411416.0,4411416,4411416,0.0,60,60.0,0.0,5.0
:E2E/voc/image_0042,PushPop,4395673,5303807,1,4395673.0,4395673.0,4395673,4395673,0.0,60,60.0,0.0,5.0
:E2E/voc/image_0033,PushPop,4270903,5198163,1,4270903.0,4270903.0,4270903,4270903,0.0,60,60.0,0.0,5.0
:E2E/voc/image_0094,PushPop,4241463,5269695,1,4241463.0,4241463.0,4241463,4241463,0.0,60,60.0,0.0,5.0
:E2E/voc/image_0073,PushPop,4227350,5087323,1,4227350.0,4227350.0,4227350,4227350,0.0,60,60.0,0.0,5.0
:E2E/voc/image_0030,PushPop,4214838,5122084,1,4214838.0,4214838.0,4214838,4214838,0.0,60,60.0,0.0,5.0
:E2E/voc/image_0027,PushPop,4188502,5050831,1,4188502.0,4188502.0,4188502,4188502,0.0,60,60.0,0.0,5.0
:E2E/voc/image_0093,PushPop,4181046,5156628,1,4181046.0,4181046.0,4181046,4181046,0.0,60,60.0,0.0,5.0
:E2E/voc/image_0031,PushPop,4158710,5091120,1,4158710.0,4158710.0,4158710,4158710,0.0,60,60.0,0.0,5.0
:E2E/voc/image_0082,PushPop,4115221,5165689,1,4115221.0,4115221.0,4115221,4115221,0.0,60,60.0,0.0,5.0
:E2E/voc/image_0032,PushPop,4110869,4985165,1,4110869.0,4110869.0,4110869,4110869,0.0,60,60.0,0.0,5.0
:E2E/voc/image_0058,PushPop,4110484,5116543,1,4110484.0,4110484.0,4110484,4110484,0.0,60,60.0,0.0,5.0
:E2E/voc/image_0028,PushPop,4104405,5047429,1,4104405.0,4104405.0,4104405,4104405,0.0,60,60.0,0.0,5.0
:E2E/voc/image_0034,PushPop,4097492,5025336,1,4097492.0,4097492.0,4097492,4097492,0.0,60,60.0,0.0,5.0
:E2E/voc/image_0025,PushPop,4032052,4919018,1,4032052.0,4032052.0,4032052,4032052,0.0,60,60.0,0.0,5.0
:E2E/voc/image_0001,PushPop,4016980,4936029,1,4016980.0,4016980.0,4016980,4016980,0.0,60,60.0,0.0,5.0
:E2E/voc/image_0096,PushPop,4009204,4968718,1,4009204.0,4009204.0,4009204,4009204,0.0,60,60.0,0.0,5.0
:E2E/voc/image_0057,PushPop,4009171,4884167,1,4009171.0,4009171.0,4009171,4009171,0.0,60,60.0,0.0,5.0
:E2E/voc/image_0003,PushPop,4005076,4917289,1,4005076.0,4005076.0,4005076,4005076,0.0,60,60.0,0.0,5.0
:E2E/voc/image_0056,PushPop,3984307,4868225,1,3984307.0,3984307.0,3984307,3984307,0.0,60,60.0,0.0,5.0
:E2E/voc/image_0059,PushPop,3977267,4839466,1,3977267.0,3977267.0,3977267,3977267,0.0,60,60.0,0.0,5.0
:E2E/voc/image_0044,PushPop,3969939,4842699,1,3969939.0,3969939.0,3969939,3969939,0.0,60,60.0,0.0,5.0
:E2E/voc/image_0004,PushPop,3966323,4846544,1,3966323.0,3966323.0,3966323,3966323,0.0,60,60.0,0.0,5.0
:E2E/voc/image_0005,PushPop,3959091,4843184,1,3959091.0,3959091.0,3959091,3959091,0.0,60,60.0,0.0,5.0
:E2E/voc/image_0041,PushPop,3954355,4874541,1,3954355.0,3954355.0,3954355,3954355,0.0,60,60.0,0.0,5.0
:E2E/voc/image_0045,PushPop,3953747,4823260,1,3953747.0,3953747.0,3953747,3953747,0.0,60,60.0,0.0,5.0
:E2E/voc/image_0095,PushPop,3952275,4839829,1,3952275.0,3952275.0,3952275,3952275,0.0,60,60.0,0.0,5.0
:E2E/voc/image_0060,PushPop,3951347,4847110,1,3951347.0,3951347.0,3951347,3951347,0.0,60,60.0,0.0,5.0
:E2E/voc/image_0055,PushPop,3948082,4878499,1,3948082.0,3948082.0,3948082,3948082,0.0,60,60.0,0.0,5.0
:E2E/voc/image_0026,PushPop,3932179,4802537,1,3932179.0,3932179.0,3932179,3932179,0.0,60,60.0,0.0,5.0
:E2E/voc/image_0081,PushPop,3882834,4800024,1,3882834.0,3882834.0,3882834,3882834,0.0,60,60.0,0.0,5.0
:E2E/voc/image_0084,PushPop,3879346,4795255,1,3879346.0,3879346.0,3879346,3879346,0.0,60,60.0,0.0,5.0
:E2E/voc/image_0077,PushPop,3852721,4743244,1,3852721.0,3852721.0,3852721,3852721,0.0,60,60.0,0.0,5.0
:E2E/voc/image_0074,PushPop,3851473,4712144,1,3851473.0,3851473.0,3851473,3851473,0.0,60,60.0,0.0,5.0
:E2E/voc/image_0091,PushPop,3838994,4825641,1,3838994.0,3838994.0,3838994,3838994,0.0,60,60.0,0.0,5.0
:E2E/voc/image_0097,PushPop,3802097,4820797,1,3802097.0,3802097.0,3802097,3802097,0.0,60,60.0,0.0,5.0
:E2E/voc/image_0085,PushPop,3771280,4647002,1,3771280.0,3771280.0,3771280,3771280,0.0,60,60.0,0.0,5.0
:E2E/voc/image_0098,PushPop,3737232,4673758,1,3737232.0,3737232.0,3737232,3737232,0.0,60,60.0,0.0,5.0
:E2E/voc/image_0083,PushPop,3736656,4645271,1,3736656.0,3736656.0,3736656,3736656,0.0,60,60.0,0.0,5.0
:E2E/voc/image_0099,PushPop,3684303,4588447,1,3684303.0,3684303.0,3684303,3684303,0.0,60,60.0,0.0,5.0
:E2E/voc/image_0086,PushPop,3659887,4537699,1,3659887.0,3659887.0,3659887,3659887,0.0,60,60.0,0.0,5.0
:E2E/voc/image_0076,PushPop,3640175,4527589,1,3640175.0,3640175.0,3640175,3640175,0.0,60,60.0,0.0,5.0
:E2E/voc/image_0078,PushPop,3637679,4672864,1,3637679.0,3637679.0,3637679,3637679,0.0,60,60.0,0.0,5.0
:E2E/voc/image_0075,PushPop,3624975,4536772,1,3624975.0,3624975.0,3624975,3624975,0.0,60,60.0,0.0,5.0
:E2E/voc/image_0079,PushPop,3622990,4439791,1,3622990.0,3622990.0,3622990,3622990,0.0,60,60.0,0.0,5.0
:E2E/voc/image_0080,PushPop,3610319,4492120,1,3610319.0,3610319.0,3610319,3610319,0.0,60,60.0,0.0,5.0
:E2E/voc/image_0087,PushPop,3609646,4525577,1,3609646.0,3609646.0,3609646,3609646,0.0,60,60.0,0.0,5.0
CCCL:cub::DeviceSelect::Flagged,PushPop,3560913,8917401,296,12030.1,9632.5,4352,263268,16893.0,592,2.0,0.0,0.0
:E2E/voc/image_0046,PushPop,3285194,4434688,1,3285194.0,3285194.0,3285194,3285194,0.0,15,15.0,0.0,4.0
:E2E/voc/image_0002,PushPop,3067240,4205710,1,3067240.0,3067240.0,3067240,3067240,0.0,15,15.0,0.0,4.0
CCCL:cub::DeviceReduce::Sum,PushPop,1799860,5954248,296,6080.6,1728.0,1312,39457,8249.6,396,1.3,0.0,0.0
