layer,mean_ms,median_ms,p95_ms,samples,share_pct
/model.19/conv/Conv,0.08227200008928776,0.07884799689054489,0.10152959711849689,100,2.347958068463931
/model.22/cv2.0/cv2.0.0/conv/Conv || /model.22/cv3.0/cv3.0.0/conv/Conv,0.07169024094939232,0.07168000191450119,0.08401919864118099,100,2.0459655713313074
/model.22/cv2.0/cv2.0.1/conv/Conv,0.06073536023497581,0.05734400078654289,0.08294399827718735,100,1.7333245691123371
/model.7/conv/Conv,0.0586944006383419,0.058368001133203506,0.07065600156784058,100,1.675077686246663
/model.22/cv2.1/cv2.1.0/conv/Conv || /model.22/cv3.1/cv3.1.0/conv/Conv,0.05842944066971541,0.058368001133203506,0.07065600156784058,100,1.6675160018889061
/model.1/conv/Conv,0.0573257602751255,0.056832000613212585,0.06451199948787689,100,1.6360181012098118
/model.21/cv2/conv/Conv,0.05679360017180443,0.05632000043988228,0.0798719972372055,100,1.6208308004640992
__myl_MoveNegExpAddDivMul_myl5_0,0.05632000043988228,0.05632000043988228,0.05632000043988228,100,1.6073147523483107
/model.22/cv2.2/cv2.2.0/conv/Conv || /model.22/cv3.2/cv3.2.0/conv/Conv,0.05521407954394817,0.05427199974656105,0.06558719985187053,100,1.5757529100705825
/model.22/cv3.0/cv3.0.1/conv/Conv,0.054187199361622335,0.053279999643564224,0.06348799914121628,100,1.5464468082762783
/model.0/conv/Conv,0.05296927928924561,0.053247999399900436,0.05427199974656105,100,1.5116886249626644
/model.22/cv2.2/cv2.2.1/conv/Conv,0.049074239898473024,0.048128001391887665,0.0655359998345375,100,1.4005282161404158
Reformatting CopyNode for Input Tensor 0 to /model.0/conv/Conv,0.04675808049738407,0.04608000069856644,0.050175998359918594,100,1.3344274145586699
__myl_MoveNegExpAddDivMul_myl182_0,0.04505600035190582,0.04505600035190582,0.04505600035190582,100,1.2858518018786484
__myl_Mul_myl240_0,0.04412800073623657,0.04412800073623657,0.04412800073623657,100,1.259367649520892
__myl_Sub_myl237_0,0.04403200000524521,0.04403200000524521,0.04403200000524521,100,1.2566278876254116
/model.8/cv2/conv/Conv,0.04325023964047432,0.04350399971008301,0.05222399905323982,100,1.2343172527304649
/model.6/m.1/cv1/conv/Conv,0.04222335955128074,0.04710400104522705,0.05734400078654289,100,1.2050111535940593
__myl_MoveNegExpAddDivMul_myl134_0,0.03993599861860275,0.03993599861860275,0.03993599861860275,100,1.1397322306124635
__myl_MoveNegExpAddDivMul_myl145_0,0.03891199827194214,0.03891199827194214,0.03891199827194214,100,1.1105083163592266
/model.21/m.0/cv1/conv/Conv,0.03795743986964226,0.03276799991726875,0.05734400078654289,100,1.0832662036104463
__myl_MoveNegExpAddDivMulAdd_myl40_0,0.03788800165057182,0.03788800165057182,0.03788800165057182,100,1.0812845084219342
__myl_MoveNegExpAddDivMul_myl61_0,0.03788800165057182,0.03788800165057182,0.03788800165057182,100,1.0812845084219342
/model.12/cv2/conv/Conv,0.03679871991276741,0.03993599861860275,0.05329919941723346,100,1.0501975305639437
/model.22/dfl/Reshape + /model.22/dfl/Transpose,0.03610047992318868,0.03788800165057182,0.05539840012788772,100,1.030270481075949
/model.5/conv/Conv,0.03585888009518385,0.034352000802755356,0.04710400104522705,100,1.0233754710496
/model.2/cv2/conv/Conv,0.03540800079703331,0.035840000957250595,0.03686400130391121,100,1.0105078406911912
/model.16/conv/Conv,0.03496704000979662,0.03174399957060814,0.05427199974656105,100,0.9979232744092855
/model.9/m_2/MaxPool,0.0346281595621258,0.03993599861860275,0.05227519907057285,100,0.9882519757841174
/model.10/Resize_output_0 copy,0.03457632012665272,0.03686400130391121,0.04710400104522705,100,0.9867725317369136
/model.15/cv1/conv/Conv,0.03432544004172087,0.03276799991726875,0.036915201321244234,100,0.9796126727448705
/model.3/conv/Conv,0.033672639839351176,0.03332800045609474,0.03891199827194214,100,0.9609824279400117
/model.8/m.0/cv1/conv/Conv,0.03267583979293704,0.03174399957060814,0.038963198289275164,100,0.9325347822150595
/model.8/m.0/cv2/conv/Conv,0.03255360016599298,0.030719999223947525,0.03788800165057182,100,0.9290461892787283
/model.13/Resize_output_0 copy,0.03226399963721633,0.030719999223947525,0.04608000069856644,100,0.9207812887362035
/model.18/cv2/conv/Conv,0.0314979200810194,0.03139199875295162,0.05663519855588674,100,0.898918167952635
/model.21/m.0/cv2/conv/Conv,0.031159360036253927,0.030719999223947525,0.036915201321244234,100,0.8892560132960826
/model.2/cv1/conv/Conv,0.030719999875873327,0.030719999223947525,0.03174399957060814,100,0.8767171272545657
__myl_MoveNegExpAddDivMul_myl25_0,0.030719999223947525,0.030719999223947525,0.030719999223947525,100,0.8767171086492754
/model.2/m.0/cv1/conv/Conv,0.03011904014274478,0.02969600073993206,0.03379200026392937,100,0.8595663559995853
/model.18/m.0/cv2/conv/Conv,0.02993119990453124,0.023552000522613525,0.051403199881315226,100,0.8542055892451973
/model.18/m.0/cv1/conv/Conv,0.02971903996542096,0.023552000522613525,0.04915200173854828,100,0.8481507632983603
__myl_MoveNegExpAddDivMul_myl13_0,0.02969600073993206,0.02969600073993206,0.02969600073993206,100,0.8474932475540108
__myl_MoveNegExpAddDivMul_myl9_0,0.02969600073993206,0.02969600073993206,0.02969600073993206,100,0.8474932475540108
/model.12/m.0/cv1/conv/Conv,0.027283839918673038,0.02252800017595291,0.05329919941723346,100,0.7786526644083345
/model.22/cv2.1/cv2.1.1/conv/Conv,0.027269759904593228,0.02252800017595291,0.048128001391887665,100,0.7782508353215626
/model.22/cv3.2/cv3.2.2/Conv,0.026958720218390228,0.027648000046610832,0.03481600061058998,100,0.7693740833276856
__myl_MoveNegExpAddDivMul_myl188_0,0.026623999699950218,0.026623999699950218,0.026623999699950218,100,0.7598215047942999
/model.4/cv2/conv/Conv,0.02618368012830615,0.025599999353289604,0.030156800616532538,100,0.7472552381443793
/model.22/cv3.1/cv3.1.1/conv/Conv,0.025538560021668672,0.02252800017595291,0.03686400130391121,100,0.7288441753543184
/model.22/dfl/Softmax,0.025183680467307568,0.02457600086927414,0.02713599978014824,100,0.7187162787176651
/model.2/m.0/cv2/conv/Conv,0.024985600374639035,0.02457600086927414,0.02974720066413283,100,0.7130632770733825
/model.6/m.1/cv2/conv/Conv,0.024754239805042745,0.021503999829292297,0.04710400104522705,100,0.7064604849263765
/model.6/m.0/Add_output_0 copy,0.02468864035792649,0.028672000393271446,0.038963198289275164,100,0.7045883443320524
__myl_MoveNegExpAddDivMulAdd_myl20_0,0.02457600086927414,0.02457600086927414,0.02457600086927414,100,0.7013737294457982
/model.12/m.0/cv2/conv/Conv,0.024102719854563474,0.021503999829292297,0.047155201062560076,100,0.6878667771906605
/model.4/m.0/Add_output_0 copy,0.024085760144516827,0.014336000196635723,0.044083200022578234,100,0.6873827645496693
/model.12/cv1/conv/Conv,0.02267776010558009,0.01945599913597107,0.03788800165057182,100,0.647199894943592
/model.6/m.0/cv2/conv/Conv,0.022489919662475585,0.021503999829292297,0.026623999699950218,100,0.6418391223418269
/model.6/m.0/cv1/conv/Conv,0.0223548798635602,0.022016000002622604,0.026623999699950218,100,0.6379852256931127
/model.8/cv1/conv/Conv,0.022292799856513737,0.021503999829292297,0.026623999699950218,100,0.6362135262901949
/model.22/cv2.0/cv2.0.2/Conv,0.022074559666216374,0.020479999482631683,0.030771199241280554,100,0.6299851762426005
/model.15/cv2/conv/Conv,0.021944320239126684,0.018432000651955605,0.04505600035190582,100,0.6262682772570953
/model.15/m.0/cv2/conv/Conv,0.0218463996052742,0.020479999482631683,0.02513920087367293,100,0.6234737233131834
/model.4/m.1/cv1/conv/Conv,0.021578879579901695,0.020479999482631683,0.025241600908338987,100,0.6158389775750543
/model.4/m.0/cv1/conv/Conv,0.02132191974669695,0.020479999482631683,0.02457600086927414,100,0.6085056088349063
/model.15/m.0/cv1/conv/Conv,0.02118911974132061,0.020479999482631683,0.023603200539946554,100,0.6047156335847966
/model.22/dfl/conv/Conv,0.021054079979658125,0.01945599913597107,0.040964799001812935,100,0.6008617379992418
/model.4/m.0/cv2/conv/Conv,0.020981759652495383,0.020479999482631683,0.02457600086927414,100,0.5987977904169364
/model.9/cv2/conv/Conv,0.02095839971676469,0.020479999482631683,0.02570239938795566,100,0.5981311219329059
/model.4/m.1/cv2/conv/Conv,0.02056607969105244,0.020479999482631683,0.02457600086927414,100,0.5869347128412179
/model.13/Resize,0.020521600320935248,0.018432000651955605,0.039014398306608196,100,0.5856653174717908
/model.22/cv3.2/cv3.2.1/conv/Conv,0.020295679811388256,0.01945599913597107,0.023552000522613525,100,0.5792177790304418
/model.6/cv2/conv/Conv,0.02003232005983591,0.014911999925971031,0.03481600061058998,100,0.5717017632183199
/model.2/Split_output_0 copy,0.01957119969651103,0.01945599913597107,0.02252800017595291,100,0.5585418634173347
/model.2/Split_output_1 copy,0.019434879813343287,0.01945599913597107,0.021503999829292297,100,0.5546514344836951
/model.22/cv3.0/cv3.0.2/Conv,0.018538880292326212,0.018432000651955605,0.020449599251151085,100,0.5290805318384612
/model.22/Reshape_4_copy_output,0.0184575999667868,0.021983999758958817,0.03906559832394122,100,0.5267608751393349
__myl_MoveNegExpAddDivMul_myl153_0,0.018432000651955605,0.018432000651955605,0.018432000651955605,100,0.5260302970843487
/model.18/cv1/conv/Conv,0.0177036801725626,0.01740800030529499,0.01945599913597107,100,0.5052447814269874
/model.4/Split_output_1 copy,0.017624320005998017,0.01228800043463707,0.038963198289275164,100,0.5029799240855136
/model.21/cv1/conv/Conv,0.017243520002812148,0.01740800030529499,0.020479999482631683,100,0.4921122845607542
/model.18/Split_output_1 copy,0.016740159932523965,0.008191999979317188,0.03993599861860275,100,0.47774690706788836
__myl_MoveNegExpAddDivMul_myl151_0,0.016383999958634377,0.016383999958634377,0.016383999958634377,100,0.4675824685778747
/model.22/Reshape_5_copy_output,0.016170560005120932,0.014336000196635723,0.04545439928770065,100,0.4614911123395364
/model.4/Split_output_0 copy,0.016011520149186255,0.01228800043463707,0.030975999310612665,100,0.45695227880511513
/model.4/cv1/conv/Conv,0.015169919934123755,0.015359999611973763,0.01740800030529499,100,0.43293387627165986
/model.22/Reshape_copy_output,0.014991359887644648,0.015359999611973763,0.016383999958634377,100,0.42783795662243645
/model.10/Resize,0.014815040063112975,0.010239999741315842,0.03315359894186258,100,0.4228059705981512
/model.22/cv2.1/cv2.1.2/Conv,0.01470080005005002,0.013311999849975109,0.02257920019328594,100,0.4195456783951966
/model.21/Split_output_0 copy,0.01462368012405932,0.008191999979317188,0.035840000957250595,100,0.4173447552102407
/model.22/Reshape_1_copy_output,0.014566400069743395,0.01564800040796399,0.036915201321244234,100,0.41571004150998825
/model.22/cv3.1/cv3.1.2/Conv,0.014519680012017488,0.013311999849975109,0.0168303994461894,100,0.41437669922612996
__myl_MoveNegExpAddDivMul_myl144_0,0.014336000196635723,0.014336000196635723,0.014336000196635723,100,0.4091346666503869
/model.15/Split_output_1 copy,0.01409920010715723,0.013311999849975109,0.027648000046610832,100,0.402376636213536
/model.9/cv1/conv/Conv,0.01324192013591528,0.01228800043463707,0.015359999611973763,100,0.3779107496029569
/model.15/Split_output_0 copy,0.013241600310429931,0.01228800043463707,0.014336000196635723,100,0.3779016221133127
/model.9/m_1/MaxPool,0.01245248006656766,0.011264000087976456,0.014336000196635723,100,0.3553809438563866
__myl_MoveNegExpAddDivMul_myl54_0,0.01228800043463707,0.01228800043463707,0.01228800043463707,100,0.3506868647228991
__myl_NegExpAddDiv_myl231_0,0.01228800043463707,0.01228800043463707,0.01228800043463707,100,0.3506868647228991
/model.12/Split_output_0 copy,0.012127040065824985,0.008191999979317188,0.03276799991726875,100,0.3460932217308106
/model.18/Split_output_0 copy,0.011965760057792067,0.008191999979317188,0.03276799991726875,100,0.3414904565648751
/model.6/cv1/conv/Conv,0.01186688014306128,0.011264000087976456,0.014336000196635723,100,0.3386685257336176
/model.9/m/MaxPool,0.011848960109055041,0.011264000087976456,0.014336000196635723,100,0.3381571064368164
Reformatting CopyNode for Input Tensor 0 to /model.21/m.0/cv1/conv/Conv,0.011615999960340559,0.005119999870657921,0.03394560031592845,100,0.331508663950781
__myl_MoveNegExpAddDivMulAdd_myl48_0,0.011264000087976456,0.011264000087976456,0.011264000087976456,100,0.3214629504696621
__myl_MoveNegExpAddDivMul_myl139_0,0.011264000087976456,0.011264000087976456,0.011264000087976456,100,0.3214629504696621
__myl_MoveNegExpAddDivMul_myl155_0,0.011264000087976456,0.011264000087976456,0.011264000087976456,100,0.3214629504696621
__myl_MoveNegExpAddDivMul_myl17_0,0.011264000087976456,0.011264000087976456,0.011264000087976456,100,0.3214629504696621
/model.12/cv2/act/Mul_output_0 copy,0.011168959913775325,0.010304000228643417,0.014336000196635723,100,0.3187506018747382
/model.12/Split_output_1 copy,0.011100800051353872,0.008191999979317188,0.030719999223947525,100,0.31680538966713223
/model.9/m_1/MaxPool_output_0 copy,0.010528640099801123,0.0071680000983178616,0.02457600086927414,100,0.30047653448867245
/model.22/cv2.2/cv2.2.2/Conv,0.010417920080944896,0.009952000342309475,0.01228800043463707,100,0.2973166992916209
/model.22/Div_1_output_0 copy,0.010244799903593957,0.005119999870657921,0.03384320028126239,100,0.2923760278993623
__myl_MoveNegExpAddDivMul_myl127_0,0.010239999741315842,0.010239999741315842,0.010239999741315842,100,0.29223903621642516
__myl_MoveNegExpAddDivMul_myl29_0,0.010239999741315842,0.010239999741315842,0.010239999741315842,100,0.29223903621642516
__myl_MoveNegExpAddDivMul_myl33_0,0.010239999741315842,0.010239999741315842,0.010239999741315842,100,0.29223903621642516
/model.21/Split_output_1 copy,0.009843200016766786,0.0071680000983178616,0.026726399734616275,100,0.2809147811380497
/model.6/Split_output_1 copy,0.009284160076640546,0.008191999979317188,0.010308799752965565,100,0.26496035756030195
__myl_MoveNegExpAddDivMul_myl143_0,0.009216000325977802,0.009216000325977802,0.009216000325977802,100,0.26301514854217434
/model.22/Reshape_3_copy_output,0.009210240133106708,0.009216000325977802,0.010239999741315842,100,0.2628507585758077
/model.8/Split_output_0 copy,0.009011200182139873,0.006144000217318535,0.03384320028126239,100,0.25717036356520806
/model.9/m/MaxPool_output_0 copy,0.008952000145800412,0.006144000217318535,0.023603200539946554,100,0.25548085555731054
/model.9/cv1/conv/Conv_output_0 copy,0.008847040105611086,0.006144000217318535,0.025833600759506224,100,0.2524854042134588
/model.9/cv2/act/Mul_output_0 copy,0.008570880102925003,0.008191999979317188,0.009216000325977802,100,0.2446040824297401
/model.6/Split_output_0 copy,0.008392640044912697,0.008191999979317188,0.009216000325977802,100,0.23951729492148355
Reformatting CopyNode for Input Tensor 0 to /model.8/cv2/conv/Conv,0.00827296006027609,0.006144000217318535,0.021503999829292297,100,0.2361017515378756
__myl_MoveNegExpAddDivMul_myl109_0,0.008191999979317188,0.008191999979317188,0.008191999979317188,100,0.23379123428893736
__myl_MoveNegExpAddDivMul_myl121_0,0.008191999979317188,0.008191999979317188,0.008191999979317188,100,0.23379123428893736
__myl_MoveNegExpAddDivMul_myl131_0,0.008191999979317188,0.008191999979317188,0.008191999979317188,100,0.23379123428893736
__myl_MoveNegExpAddDivMul_myl175_0,0.008191999979317188,0.008191999979317188,0.008191999979317188,100,0.23379123428893736
__myl_MoveNegExpAddDivMul_myl37_0,0.008191999979317188,0.008191999979317188,0.008191999979317188,100,0.23379123428893736
__myl_MoveNegExpAddDivMul_myl43_0,0.008191999979317188,0.008191999979317188,0.008191999979317188,100,0.23379123428893736
__myl_MoveNegExpAddDivMul_myl57_0,0.008191999979317188,0.008191999979317188,0.008191999979317188,100,0.23379123428893736
__myl_MoveNegExpAddDivMul_myl78_0,0.008191999979317188,0.008191999979317188,0.008191999979317188,100,0.23379123428893736
"Reformatting CopyNode for Output Tensor 0 to PWN(PWN(/model.9/cv2/act/Sigmoid), PWN(/model.9/cv2/act/Mul))",0.007784640025347471,0.005119999870657921,0.027648000046610832,100,0.22216560114942127
/model.22/Mul_2_output_0 copy,0.007778559955768287,0.005119999870657921,0.031758399680256844,100,0.2219920822315662
/model.8/Split_output_1 copy,0.007482879897579551,0.005119999870657921,0.025599999353289604,100,0.21355367818699839
__myl_MoveNegExpAddDivMulAdd_myl72_0,0.0071680000983178616,0.0071680000983178616,0.0071680000983178616,100,0.20456733332519345
__myl_MoveNegExpAddDivMul_myl103_0,0.0071680000983178616,0.0071680000983178616,0.0071680000983178616,100,0.20456733332519345
__myl_MoveNegExpAddDivMul_myl169_0,0.0071680000983178616,0.0071680000983178616,0.0071680000983178616,100,0.20456733332519345
__myl_MoveNegExpAddDivMul_myl181_0,0.0071680000983178616,0.0071680000983178616,0.0071680000983178616,100,0.20456733332519345
__myl_MoveNegExpAddDivMul_myl187_0,0.0071680000983178616,0.0071680000983178616,0.0071680000983178616,100,0.20456733332519345
__myl_MoveNegExpAddDivMul_myl189_0,0.0071680000983178616,0.0071680000983178616,0.0071680000983178616,100,0.20456733332519345
__myl_MoveNegExpAddDivMul_myl68_0,0.0071680000983178616,0.0071680000983178616,0.0071680000983178616,100,0.20456733332519345
__myl_MoveNegExpAddDivMulAdd_myl66_0,0.006144000217318535,0.006144000217318535,0.006144000217318535,100,0.17534343236144956
__myl_MoveNegExpAddDivMul_myl112_0,0.006144000217318535,0.006144000217318535,0.006144000217318535,100,0.17534343236144956
__myl_MoveNegExpAddDivMul_myl115_0,0.006144000217318535,0.006144000217318535,0.006144000217318535,100,0.17534343236144956
__myl_MoveNegExpAddDivMul_myl166_0,0.006144000217318535,0.006144000217318535,0.006144000217318535,100,0.17534343236144956
__myl_MoveNegExpAddDivMul_myl180_0,0.006144000217318535,0.006144000217318535,0.006144000217318535,100,0.17534343236144956
__myl_MoveNegExpAddDivMul_myl198_0,0.006144000217318535,0.006144000217318535,0.006144000217318535,100,0.17534343236144956
__myl_MoveNegExpAddDivMul_myl207_0,0.006144000217318535,0.006144000217318535,0.006144000217318535,100,0.17534343236144956
__myl_MoveNegExpAddDivMul_myl64_0,0.006144000217318535,0.006144000217318535,0.006144000217318535,100,0.17534343236144956
__myl_MoveNegExpAddDivMul_myl80_0,0.006144000217318535,0.006144000217318535,0.006144000217318535,100,0.17534343236144956
__myl_MoveNegExpAddDivMul_myl83_0,0.006144000217318535,0.006144000217318535,0.006144000217318535,100,0.17534343236144956
__myl_MoveNegExpAddDivMul_myl93_0,0.006144000217318535,0.006144000217318535,0.006144000217318535,100,0.17534343236144956
__myl_Sub_myl235_0,0.006144000217318535,0.006144000217318535,0.006144000217318535,100,0.17534343236144956
/model.22/Reshape_2_copy_output,0.005292159914970398,0.005119999870657921,0.006144000217318535,100,0.15103278829335326
__myl_AddDiv_myl238_0,0.005119999870657921,0.005119999870657921,0.005119999870657921,100,0.14611951810821258
__myl_Add_myl236_0,0.005119999870657921,0.005119999870657921,0.005119999870657921,100,0.14611951810821258
__myl_MoveNegExpAddDivMulAdd_myl88_0,0.005119999870657921,0.005119999870657921,0.005119999870657921,100,0.14611951810821258
__myl_MoveNegExpAddDivMul_myl201_0,0.005119999870657921,0.005119999870657921,0.005119999870657921,100,0.14611951810821258
__myl_MoveNegExpAddDivMul_myl212_0,0.005119999870657921,0.005119999870657921,0.005119999870657921,100,0.14611951810821258
__myl_MoveNegExpAddDivMul_myl218_0,0.005119999870657921,0.005119999870657921,0.005119999870657921,100,0.14611951810821258
__myl_MoveNegExpAddDivMul_myl220_0,0.005119999870657921,0.005119999870657921,0.005119999870657921,100,0.14611951810821258
__myl_MoveNegExpAddDivMul_myl86_0,0.005119999870657921,0.005119999870657921,0.005119999870657921,100,0.14611951810821258
__myl_MoveNegExpAddDivMul_myl211_0,0.004095999989658594,0.004095999989658594,0.004095999989658594,100,0.11689561714446868
/model.22/Constant_12_output_0,0.0,0.0,0.0,100,0.0
/model.22/Constant_13_output_0,0.0,0.0,0.0,100,0.0
/model.22/Constant_15_output_0 + ONNXTRT_Broadcast_95,0.0,0.0,0.0,100,0.0
/model.22/Reshape,0.0,0.0,0.0,100,0.0
/model.22/Reshape_1,0.0,0.0,0.0,100,0.0
/model.22/Reshape_2,0.0,0.0,0.0,100,0.0
/model.22/Reshape_3,0.0,0.0,0.0,100,0.0
/model.22/Reshape_4,0.0,0.0,0.0,100,0.0
/model.22/Reshape_5,0.0,0.0,0.0,100,0.0
/model.22/dfl/Reshape_1,0.0,0.0,0.0,100,0.0
Reformatting CopyNode for Input Tensor 0 to /model.1/conv/Conv,0.0,0.0,0.0,100,0.0
Reformatting CopyNode for Input Tensor 0 to /model.12/cv2/conv/Conv,0.0,0.0,0.0,100,0.0
Reformatting CopyNode for Input Tensor 0 to /model.15/m.0/cv2/conv/Conv,0.0,0.0,0.0,100,0.0
Reformatting CopyNode for Input Tensor 0 to /model.18/cv2/conv/Conv,0.0,0.0,0.0,100,0.0
Reformatting CopyNode for Input Tensor 0 to /model.2/cv1/conv/Conv,0.0,0.0,0.0,100,0.0
Reformatting CopyNode for Input Tensor 0 to /model.2/m.0/cv2/conv/Conv,0.0,0.0,0.0,100,0.0
Reformatting CopyNode for Input Tensor 0 to /model.21/cv2/conv/Conv,0.0,0.0,0.0,100,0.0
Reformatting CopyNode for Input Tensor 0 to /model.22/cv2.0/cv2.0.2/Conv,0.0,0.0,0.0,100,0.0
Reformatting CopyNode for Input Tensor 0 to /model.22/cv2.1/cv2.1.0/conv/Conv || /model.22/cv3.1/cv3.1.0/conv/Conv,0.0,0.0,0.0,100,0.0
Reformatting CopyNode for Input Tensor 0 to /model.22/cv2.2/cv2.2.0/conv/Conv || /model.22/cv3.2/cv3.2.0/conv/Conv,0.0,0.0,0.0,100,0.0
Reformatting CopyNode for Input Tensor 0 to /model.22/cv2.2/cv2.2.1/conv/Conv,0.0,0.0,0.0,100,0.0
Reformatting CopyNode for Input Tensor 0 to /model.22/cv2.2/cv2.2.2/Conv,0.0,0.0,0.0,100,0.0
Reformatting CopyNode for Input Tensor 0 to /model.22/cv3.0/cv3.0.2/Conv,0.0,0.0,0.0,100,0.0
Reformatting CopyNode for Input Tensor 0 to /model.22/cv3.2/cv3.2.1/conv/Conv,0.0,0.0,0.0,100,0.0
Reformatting CopyNode for Input Tensor 0 to /model.22/cv3.2/cv3.2.2/Conv,0.0,0.0,0.0,100,0.0
Reformatting CopyNode for Input Tensor 0 to /model.3/conv/Conv,0.0,0.0,0.0,100,0.0
Reformatting CopyNode for Input Tensor 0 to /model.4/cv1/conv/Conv,0.0,0.0,0.0,100,0.0
Reformatting CopyNode for Input Tensor 0 to /model.4/cv2/conv/Conv,0.0,0.0,0.0,100,0.0
Reformatting CopyNode for Input Tensor 0 to /model.4/m.0/cv2/conv/Conv,0.0,0.0,0.0,100,0.0
Reformatting CopyNode for Input Tensor 0 to /model.4/m.1/cv2/conv/Conv,0.0,0.0,0.0,100,0.0
Reformatting CopyNode for Input Tensor 0 to /model.6/cv1/conv/Conv,0.0,0.0,0.0,100,0.0
Reformatting CopyNode for Input Tensor 0 to /model.6/cv2/conv/Conv,0.0,0.0,0.0,100,0.0
Reformatting CopyNode for Input Tensor 0 to PWN(/model.22/Sigmoid),0.0,0.0,0.0,100,0.0
"Reformatting CopyNode for Input Tensor 0 to PWN(PWN(/model.1/act/Sigmoid), PWN(/model.1/act/Mul))",0.0,0.0,0.0,100,0.0
"Reformatting CopyNode for Input Tensor 0 to PWN(PWN(/model.12/cv1/act/Sigmoid), PWN(/model.12/cv1/act/Mul))",0.0,0.0,0.0,100,0.0
"Reformatting CopyNode for Input Tensor 0 to PWN(PWN(/model.12/cv2/act/Sigmoid), PWN(/model.12/cv2/act/Mul))",0.0,0.0,0.0,100,0.0
"Reformatting CopyNode for Input Tensor 0 to PWN(PWN(/model.12/m.0/cv2/act/Sigmoid), PWN(/model.12/m.0/cv2/act/Mul))",0.0,0.0,0.0,100,0.0
"Reformatting CopyNode for Input Tensor 0 to PWN(PWN(/model.15/cv1/act/Sigmoid), PWN(/model.15/cv1/act/Mul))",0.0,0.0,0.0,100,0.0
"Reformatting CopyNode for Input Tensor 0 to PWN(PWN(/model.15/cv2/act/Sigmoid), PWN(/model.15/cv2/act/Mul))",0.0,0.0,0.0,100,0.0
"Reformatting CopyNode for Input Tensor 0 to PWN(PWN(/model.15/m.0/cv1/act/Sigmoid), PWN(/model.15/m.0/cv1/act/Mul))",0.0,0.0,0.0,100,0.0
"Reformatting CopyNode for Input Tensor 0 to PWN(PWN(/model.18/cv1/act/Sigmoid), PWN(/model.18/cv1/act/Mul))",0.0,0.0,0.0,100,0.0
"Reformatting CopyNode for Input Tensor 0 to PWN(PWN(/model.18/cv2/act/Sigmoid), PWN(/model.18/cv2/act/Mul))",0.0,0.0,0.0,100,0.0
"Reformatting CopyNode for Input Tensor 0 to PWN(PWN(/model.18/m.0/cv2/act/Sigmoid), PWN(/model.18/m.0/cv2/act/Mul))",0.0,0.0,0.0,100,0.0
"Reformatting CopyNode for Input Tensor 0 to PWN(PWN(/model.19/act/Sigmoid), PWN(/model.19/act/Mul))",0.0,0.0,0.0,100,0.0
"Reformatting CopyNode for Input Tensor 0 to PWN(PWN(/model.2/cv1/act/Sigmoid), PWN(/model.2/cv1/act/Mul))",0.0,0.0,0.0,100,0.0
"Reformatting CopyNode for Input Tensor 0 to PWN(PWN(/model.2/cv2/act/Sigmoid), PWN(/model.2/cv2/act/Mul))",0.0,0.0,0.0,100,0.0
"Reformatting CopyNode for Input Tensor 0 to PWN(PWN(/model.2/m.0/cv1/act/Sigmoid), PWN(/model.2/m.0/cv1/act/Mul))",0.0,0.0,0.0,100,0.0
"Reformatting CopyNode for Input Tensor 0 to PWN(PWN(/model.21/cv2/act/Sigmoid), PWN(/model.21/cv2/act/Mul))",0.0,0.0,0.0,100,0.0
"Reformatting CopyNode for Input Tensor 0 to PWN(PWN(/model.21/m.0/cv2/act/Sigmoid), PWN(/model.21/m.0/cv2/act/Mul))",0.0,0.0,0.0,100,0.0
"Reformatting CopyNode for Input Tensor 0 to PWN(PWN(/model.22/cv2.0/cv2.0.1/act/Sigmoid), PWN(/model.22/cv2.0/cv2.0.1/act/Mul))",0.0,0.0,0.0,100,0.0
"Reformatting CopyNode for Input Tensor 0 to PWN(PWN(/model.22/cv2.2/cv2.2.1/act/Sigmoid), PWN(/model.22/cv2.2/cv2.2.1/act/Mul))",0.0,0.0,0.0,100,0.0
"Reformatting CopyNode for Input Tensor 0 to PWN(PWN(/model.22/cv3.0/cv3.0.1/act/Sigmoid), PWN(/model.22/cv3.0/cv3.0.1/act/Mul))",0.0,0.0,0.0,100,0.0
"Reformatting CopyNode for Input Tensor 0 to PWN(PWN(/model.22/cv3.2/cv3.2.1/act/Sigmoid), PWN(/model.22/cv3.2/cv3.2.1/act/Mul))",0.0,0.0,0.0,100,0.0
"Reformatting CopyNode for Input Tensor 0 to PWN(PWN(/model.3/act/Sigmoid), PWN(/model.3/act/Mul))",0.0,0.0,0.0,100,0.0
"Reformatting CopyNode for Input Tensor 0 to PWN(PWN(/model.4/cv1/act/Sigmoid), PWN(/model.4/cv1/act/Mul))",0.0,0.0,0.0,100,0.0
"Reformatting CopyNode for Input Tensor 0 to PWN(PWN(/model.4/m.0/cv1/act/Sigmoid), PWN(/model.4/m.0/cv1/act/Mul))",0.0,0.0,0.0,100,0.0
"Reformatting CopyNode for Input Tensor 0 to PWN(PWN(/model.4/m.1/cv1/act/Sigmoid), PWN(/model.4/m.1/cv1/act/Mul))",0.0,0.0,0.0,100,0.0
"Reformatting CopyNode for Input Tensor 0 to PWN(PWN(/model.5/act/Sigmoid), PWN(/model.5/act/Mul))",0.0,0.0,0.0,100,0.0
"Reformatting CopyNode for Input Tensor 0 to PWN(PWN(/model.6/cv1/act/Sigmoid), PWN(/model.6/cv1/act/Mul))",0.0,0.0,0.0,100,0.0
"Reformatting CopyNode for Input Tensor 0 to PWN(PWN(/model.8/cv1/act/Sigmoid), PWN(/model.8/cv1/act/Mul))",0.0,0.0,0.0,100,0.0
"Reformatting CopyNode for Input Tensor 0 to PWN(PWN(/model.9/cv2/act/Sigmoid), PWN(/model.9/cv2/act/Mul))",0.0,0.0,0.0,100,0.0
"Reformatting CopyNode for Input Tensor 0 to PWN(PWN(PWN(/model.4/m.1/cv2/act/Sigmoid), PWN(/model.4/m.1/cv2/act/Mul)), PWN(/model.4/m.1/Add))",0.0,0.0,0.0,100,0.0
"Reformatting CopyNode for Input Tensor 0 to PWN(PWN(PWN(/model.6/m.1/cv2/act/Sigmoid), PWN(/model.6/m.1/cv2/act/Mul)), PWN(/model.6/m.1/Add))",0.0,0.0,0.0,100,0.0
"Reformatting CopyNode for Input Tensor 1 to PWN(PWN(PWN(/model.4/m.1/cv2/act/Sigmoid), PWN(/model.4/m.1/cv2/act/Mul)), PWN(/model.4/m.1/Add))",0.0,0.0,0.0,100,0.0
"Reformatting CopyNode for Input Tensor 1 to PWN(PWN(PWN(/model.6/m.1/cv2/act/Sigmoid), PWN(/model.6/m.1/cv2/act/Mul)), PWN(/model.6/m.1/Add))",0.0,0.0,0.0,100,0.0
Reformatting CopyNode for Output Tensor 0 to /model.22/cv2.2/cv2.2.0/conv/Conv || /model.22/cv3.2/cv3.2.0/conv/Conv,0.0,0.0,0.0,100,0.0
"Reformatting CopyNode for Output Tensor 0 to PWN(PWN(/model.12/cv1/act/Sigmoid), PWN(/model.12/cv1/act/Mul))",0.0,0.0,0.0,100,0.0
"Reformatting CopyNode for Output Tensor 0 to PWN(PWN(/model.12/cv2/act/Sigmoid), PWN(/model.12/cv2/act/Mul))",0.0,0.0,0.0,100,0.0
"Reformatting CopyNode for Output Tensor 0 to PWN(PWN(/model.15/cv1/act/Sigmoid), PWN(/model.15/cv1/act/Mul))",0.0,0.0,0.0,100,0.0
"Reformatting CopyNode for Output Tensor 0 to PWN(PWN(/model.15/cv2/act/Sigmoid), PWN(/model.15/cv2/act/Mul))",0.0,0.0,0.0,100,0.0
"Reformatting CopyNode for Output Tensor 0 to PWN(PWN(/model.18/cv1/act/Sigmoid), PWN(/model.18/cv1/act/Mul))",0.0,0.0,0.0,100,0.0
"Reformatting CopyNode for Output Tensor 0 to PWN(PWN(/model.2/cv1/act/Sigmoid), PWN(/model.2/cv1/act/Mul))",0.0,0.0,0.0,100,0.0
"Reformatting CopyNode for Output Tensor 0 to PWN(PWN(/model.4/cv1/act/Sigmoid), PWN(/model.4/cv1/act/Mul))",0.0,0.0,0.0,100,0.0
"Reformatting CopyNode for Output Tensor 0 to PWN(PWN(/model.6/cv1/act/Sigmoid), PWN(/model.6/cv1/act/Mul))",0.0,0.0,0.0,100,0.0
"Reformatting CopyNode for Output Tensor 0 to PWN(PWN(/model.8/cv1/act/Sigmoid), PWN(/model.8/cv1/act/Mul))",0.0,0.0,0.0,100,0.0
