Time (%),Total Time (ns),Num Calls,Avg (ns),Med (ns),Min (ns),Max (ns),StdDev (ns),Name
46.7,281069205,1,281069205.0,281069205.0,281069205,281069205,0.0,cudaProfilerStart
35.2,211572844,800,264466.1,2599.5,1240,2519014,680663.8,cudaDeviceSynchronize
9.1,54915694,5258,10444.2,8772.5,864,193217,7441.3,cudaLaunchKernel
3.9,23318996,100,233190.0,225322.0,191211,409980,34987.6,cudaGraphLaunch
3.1,18513410,594,31167.4,17347.0,7582,136671,31846.0,cudaMemcpyAsync
1.7,10352021,396,26141.5,26484.5,5143,78236,18436.0,cudaStreamSynchronize
0.2,922637,5253,175.6,148.0,85,17391,382.2,cuKernelGetName
0.1,623099,1,623099.0,623099.0,623099,623099,0.0,cudaGraphInstantiateWithFlags
0.0,155848,60,2597.5,910.0,627,67698,8962.1,cuLaunchKernelEx
0.0,131649,162,812.6,1018.5,187,2830,522.2,cudaStreamIsCapturing
0.0,55818,64,872.2,852.0,589,2089,197.4,cuLaunchKernel
0.0,8211,1,8211.0,8211.0,8211,8211,0.0,cudaStreamEndCapture
0.0,7921,1,7921.0,7921.0,7921,7921,0.0,cudaMemcpy2DAsync
0.0,5917,1,5917.0,5917.0,5917,5917,0.0,cudaStreamBeginCapture
0.0,4887,1,4887.0,4887.0,4887,4887,0.0,cudaGraphGetNodes
0.0,3403,1,3403.0,3403.0,3403,3403,0.0,cudaStreamGetCaptureInfo
0.0,3317,2,1658.5,1658.5,560,2757,1553.5,cudaMemsetAsync
0.0,302,1,302.0,302.0,302,302,0.0,cuStreamGetGreenCtx
