points,minimum,maximum,mae,rmse,max_absolute_error,median_ms,best_ms,ns_per_element,million_elements_per_second,checksum
9,-2,2,0.0492597481,0.0802925359,0.238405824,4.981209,4.583834,4.981209,200.754475,34.6311989
9,-3,3,0.0275660318,0.0435574023,0.142277479,4.877604,4.623667,4.877604,205.018694,34.3031502
9,-4,4,0.0175982143,0.0253761872,0.071944952,3.9909375,3.77975,3.9909375,250.567692,34.1200485
9,-5,5,0.0156726663,0.0250281286,0.07902354,3.1280415,3.002,3.1280415,319.688853,34.0675354
13,-2,2,0.0484039319,0.0802218045,0.238405824,5.009021,4.713917,5.009021,199.63981,34.6239586
13,-3,3,0.0255764474,0.0428970815,0.142277479,5.0319165,4.736417,5.0319165,198.731438,34.2251892
13,-4,4,0.0139475743,0.0215545967,0.071944952,4.035875,3.719084,4.035875,247.777743,34.035984
13,-5,5,0.00954365982,0.0139588933,0.0393542796,3.232646,2.93375,3.232646,309.34411,33.9540558
17,-2,2,0.0481045917,0.0802098574,0.238405824,4.972521,4.630333,4.972521,201.105234,34.6091957
17,-3,3,0.0248784559,0.0427840474,0.142277479,4.930833,4.671416,4.930833,202.805489,34.2174149
17,-4,4,0.0126585113,0.0208322744,0.071944952,3.974771,3.83075,3.974771,251.586821,33.9914627
17,-5,5,0.00740751882,0.0109726328,0.0334644318,3.201208,3.044292,3.201208,312.382076,33.8941078
21,-2,2,0.0479660302,0.0802065885,0.238405824,4.881646,4.729584,4.881646,204.848938,34.6073303
21,-3,3,0.0245585322,0.0427530111,0.142277479,5.039479,4.875791,5.039479,198.433211,34.2087364
21,-4,4,0.0120534544,0.0206294135,0.071944952,3.984917,3.800167,3.984917,250.946256,33.9766655
21,-5,5,0.00642035245,0.00999423894,0.0334644318,3.1060005,2.961625,3.1060005,321.95745,33.8686218
